{"mean": [0.4149, 41.9173895, 0.0749625, 0.0397625, 1.303125, 27.326621875, 5.527129999999999, 137.8899375], "var": [0.24308298999999992, 508.12908332528974, 0.06934312359374997, 0.03818144359374999, 2.0920402343749998, 44.19376891702149, 1.1473407131, 1657.6098987460934], "feature_means": [0.41466, 41.885856, 0.07485, 0.03942, 1.30304, 27.3207671, 5.527507, 138.05806, 0.085]}